"county","RPL_THEMES_bins"
"01001","2"
"01003","1"
"01005","3"
"01007","3"
"01009","2"
"01011","3"
"01013","3"
"01015","3"
"01017","3"
"01019","1"
"01021","3"
"01023","3"
"01025","3"
"01027","2"
"01029","2"
"01031","2"
"01033","2"
"01035","2"
"01037","2"
"01039","3"
"01041","2"
"01043","2"
"01045","3"
"01047","3"
"01049","3"
"01051","2"
"01053","3"
"01055","2"
"01057","3"
"01059","3"
"01061","2"
"01063","3"
"01065","3"
"01067","2"
"01069","3"
"01071","2"
"01073","3"
"01075","2"
"01077","2"
"01079","2"
"01081","3"
"01083","2"
"01085","3"
"01087","3"
"01089","2"
"01091","3"
"01093","3"
"01095","2"
"01097","3"
"01099","3"
"01101","3"
"01103","2"
"01105","3"
"01107","3"
"01109","3"
"01111","2"
"01113","3"
"01115","1"
"01117","1"
"01119","3"
"01121","3"
"01123","3"
"01125","3"
"01127","3"
"01129","2"
"01131","3"
"01133","3"
"02013","2"
"02016","2"
"02020","2"
"02050","3"
"02060","1"
"02063","1"
"02066","2"
"02068","1"
"02070","3"
"02090","2"
"02100","2"
"02105","2"
"02110","2"
"02122","2"
"02130","2"
"02150","3"
"02158","3"
"02164","3"
"02170","2"
"02180","3"
"02185","3"
"02188","3"
"02195","2"
"02198","3"
"02220","2"
"02230","2"
"02240","3"
"02275","2"
"02282","2"
"02290","3"
"04001","3"
"04003","3"
"04005","3"
"04007","3"
"04009","3"
"04011","2"
"04012","3"
"04013","3"
"04015","3"
"04017","3"
"04019","3"
"04021","3"
"04023","3"
"04025","2"
"04027","3"
"05001","3"
"05003","3"
"05005","1"
"05007","1"
"05009","1"
"05011","3"
"05013","2"
"05015","2"
"05017","3"
"05019","3"
"05021","2"
"05023","1"
"05025","1"
"05027","3"
"05029","3"
"05031","3"
"05033","2"
"05035","3"
"05037","3"
"05039","3"
"05041","3"
"05043","2"
"05045","2"
"05047","2"
"05049","2"
"05051","3"
"05053","1"
"05055","2"
"05057","3"
"05059","2"
"05061","3"
"05063","3"
"05065","2"
"05067","3"
"05069","3"
"05071","3"
"05073","3"
"05075","2"
"05077","3"
"05079","2"
"05081","2"
"05083","2"
"05085","1"
"05087","2"
"05089","2"
"05091","3"
"05093","3"
"05095","3"
"05097","2"
"05099","3"
"05101","1"
"05103","3"
"05105","2"
"05107","3"
"05109","2"
"05111","3"
"05113","3"
"05115","3"
"05117","2"
"05119","3"
"05121","2"
"05123","3"
"05125","1"
"05127","3"
"05129","1"
"05131","3"
"05133","3"
"05135","2"
"05137","3"
"05139","3"
"05141","3"
"05143","3"
"05145","3"
"05147","3"
"05149","3"
"06001","2"
"06003","2"
"06005","2"
"06007","3"
"06009","1"
"06011","3"
"06013","2"
"06015","3"
"06017","1"
"06019","3"
"06021","3"
"06023","3"
"06025","3"
"06027","2"
"06029","3"
"06031","3"
"06033","3"
"06035","2"
"06037","3"
"06039","3"
"06041","1"
"06043","3"
"06045","3"
"06047","3"
"06049","3"
"06051","2"
"06053","3"
"06055","2"
"06057","1"
"06059","2"
"06061","1"
"06063","2"
"06065","3"
"06067","3"
"06069","2"
"06071","3"
"06073","3"
"06075","2"
"06077","3"
"06079","2"
"06081","1"
"06083","3"
"06085","2"
"06087","2"
"06089","3"
"06091","1"
"06093","3"
"06095","2"
"06097","2"
"06099","3"
"06101","3"
"06103","3"
"06105","3"
"06107","3"
"06109","2"
"06111","2"
"06113","3"
"06115","3"
"08001","3"
"08003","3"
"08005","2"
"08007","1"
"08009","2"
"08011","3"
"08013","1"
"08014","1"
"08015","2"
"08017","1"
"08019","1"
"08021","3"
"08023","3"
"08025","3"
"08027","1"
"08029","3"
"08031","2"
"08033","1"
"08035","1"
"08037","2"
"08039","1"
"08041","2"
"08043","2"
"08045","2"
"08047","1"
"08049","1"
"08051","1"
"08053","1"
"08055","2"
"08057","1"
"08059","1"
"08061","1"
"08063","2"
"08065","2"
"08067","1"
"08069","1"
"08071","3"
"08073","2"
"08075","2"
"08077","3"
"08079","1"
"08081","3"
"08083","2"
"08085","2"
"08087","3"
"08089","3"
"08091","1"
"08093","1"
"08095","2"
"08097","1"
"08099","3"
"08101","3"
"08103","2"
"08105","3"
"08107","1"
"08109","3"
"08111","2"
"08113","1"
"08115","3"
"08117","1"
"08119","1"
"08121","1"
"08123","2"
"08125","2"
"09001","2"
"09003","2"
"09005","1"
"09007","1"
"09009","2"
"09011","2"
"09013","1"
"09015","2"
"10001","3"
"10003","2"
"10005","2"
"11001","2"
"12001","2"
"12003","2"
"12005","3"
"12007","3"
"12009","2"
"12011","3"
"12013","3"
"12015","2"
"12017","2"
"12019","2"
"12021","2"
"12023","3"
"12027","3"
"12029","3"
"12031","3"
"12033","3"
"12035","2"
"12037","3"
"12039","3"
"12041","3"
"12043","3"
"12045","3"
"12047","3"
"12049","3"
"12051","3"
"12053","2"
"12055","3"
"12057","3"
"12059","3"
"12061","2"
"12063","3"
"12065","3"
"12067","3"
"12069","3"
"12071","3"
"12073","2"
"12075","3"
"12077","3"
"12079","3"
"12081","3"
"12083","3"
"12085","2"
"12086","3"
"12087","3"
"12089","1"
"12091","2"
"12093","3"
"12095","3"
"12097","3"
"12099","3"
"12101","3"
"12103","3"
"12105","3"
"12107","3"
"12109","1"
"12111","3"
"12113","2"
"12115","2"
"12117","2"
"12119","1"
"12121","3"
"12123","3"
"12125","2"
"12127","2"
"12129","1"
"12131","3"
"12133","3"
"13001","3"
"13003","3"
"13005","3"
"13007","3"
"13009","3"
"13011","2"
"13013","2"
"13015","2"
"13017","3"
"13019","3"
"13021","3"
"13023","2"
"13025","2"
"13027","3"
"13029","2"
"13031","3"
"13033","3"
"13035","3"
"13037","3"
"13039","2"
"13043","3"
"13045","3"
"13047","1"
"13049","3"
"13051","3"
"13053","3"
"13055","3"
"13057","1"
"13059","3"
"13061","3"
"13063","3"
"13065","3"
"13067","2"
"13069","3"
"13071","3"
"13073","1"
"13075","3"
"13077","1"
"13079","2"
"13081","3"
"13083","2"
"13085","1"
"13087","3"
"13089","3"
"13091","3"
"13093","3"
"13095","3"
"13097","3"
"13099","3"
"13101","2"
"13103","2"
"13105","3"
"13107","3"
"13109","3"
"13111","2"
"13113","1"
"13115","3"
"13117","1"
"13119","3"
"13121","3"
"13123","2"
"13125","2"
"13127","3"
"13129","3"
"13131","3"
"13133","2"
"13135","2"
"13137","3"
"13139","3"
"13141","3"
"13143","2"
"13145","1"
"13147","3"
"13149","3"
"13151","2"
"13153","2"
"13155","3"
"13157","2"
"13159","2"
"13161","3"
"13163","3"
"13165","3"
"13167","3"
"13169","1"
"13171","2"
"13173","2"
"13175","3"
"13177","1"
"13179","3"
"13181","3"
"13183","3"
"13185","3"
"13187","2"
"13189","3"
"13191","2"
"13193","3"
"13195","3"
"13197","3"
"13199","3"
"13201","3"
"13205","3"
"13207","2"
"13209","3"
"13211","1"
"13213","3"
"13215","3"
"13217","3"
"13219","1"
"13221","2"
"13223","1"
"13225","3"
"13227","2"
"13229","2"
"13231","1"
"13233","3"
"13235","3"
"13237","3"
"13239","3"
"13241","2"
"13243","3"
"13245","3"
"13247","3"
"13249","2"
"13251","3"
"13253","3"
"13255","3"
"13257","3"
"13259","3"
"13261","3"
"13263","3"
"13265","3"
"13267","3"
"13269","3"
"13271","3"
"13273","3"
"13275","3"
"13277","3"
"13279","3"
"13281","1"
"13283","3"
"13285","3"
"13287","3"
"13289","2"
"13291","2"
"13293","3"
"13295","3"
"13297","2"
"13299","3"
"13301","3"
"13303","3"
"13305","3"
"13307","3"
"13309","2"
"13311","1"
"13313","3"
"13315","3"
"13317","3"
"13319","3"
"13321","3"
"15001","2"
"15003","2"
"15005","1"
"15007","2"
"15009","2"
"16001","1"
"16003","1"
"16005","2"
"16007","1"
"16009","2"
"16011","2"
"16013","2"
"16015","1"
"16017","2"
"16019","2"
"16021","1"
"16023","1"
"16025","1"
"16027","2"
"16029","1"
"16031","2"
"16033","2"
"16035","2"
"16037","2"
"16039","3"
"16041","1"
"16043","2"
"16045","3"
"16047","3"
"16049","2"
"16051","1"
"16053","3"
"16055","1"
"16057","1"
"16059","2"
"16061","2"
"16063","3"
"16065","2"
"16067","3"
"16069","2"
"16071","1"
"16073","3"
"16075","2"
"16077","2"
"16079","3"
"16081","1"
"16083","2"
"16085","1"
"16087","3"
"17001","1"
"17003","3"
"17005","2"
"17007","2"
"17009","2"
"17011","1"
"17013","1"
"17015","1"
"17017","2"
"17019","2"
"17021","1"
"17023","1"
"17025","2"
"17027","1"
"17029","2"
"17031","3"
"17033","2"
"17035","1"
"17037","2"
"17039","1"
"17041","2"
"17043","1"
"17045","1"
"17047","1"
"17049","1"
"17051","2"
"17053","1"
"17055","2"
"17057","1"
"17059","2"
"17061","1"
"17063","1"
"17065","1"
"17067","1"
"17069","1"
"17071","1"
"17073","1"
"17075","2"
"17077","3"
"17079","1"
"17081","3"
"17083","1"
"17085","1"
"17087","1"
"17089","2"
"17091","3"
"17093","1"
"17095","2"
"17097","2"
"17099","2"
"17101","2"
"17103","1"
"17105","2"
"17107","1"
"17109","2"
"17111","1"
"17113","1"
"17115","2"
"17117","1"
"17119","1"
"17121","2"
"17123","1"
"17125","1"
"17127","2"
"17129","1"
"17131","1"
"17133","1"
"17135","1"
"17137","2"
"17139","2"
"17141","2"
"17143","3"
"17145","2"
"17147","1"
"17149","2"
"17151","2"
"17153","2"
"17155","1"
"17157","2"
"17159","1"
"17161","3"
"17163","2"
"17165","3"
"17167","2"
"17169","2"
"17171","1"
"17173","1"
"17175","1"
"17177","2"
"17179","1"
"17181","2"
"17183","2"
"17185","2"
"17187","2"
"17189","1"
"17191","2"
"17193","2"
"17195","1"
"17197","1"
"17199","2"
"17201","3"
"17203","1"
"18001","2"
"18003","2"
"18005","2"
"18007","2"
"18009","2"
"18011","1"
"18013","1"
"18015","1"
"18017","2"
"18019","1"
"18021","1"
"18023","2"
"18025","1"
"18027","3"
"18029","1"
"18031","1"
"18033","1"
"18035","2"
"18037","1"
"18039","3"
"18041","2"
"18043","1"
"18045","1"
"18047","1"
"18049","2"
"18051","1"
"18053","3"
"18055","2"
"18057","1"
"18059","1"
"18061","1"
"18063","1"
"18065","1"
"18067","2"
"18069","1"
"18071","2"
"18073","1"
"18075","2"
"18077","2"
"18079","1"
"18081","1"
"18083","2"
"18085","2"
"18087","2"
"18089","3"
"18091","2"
"18093","1"
"18095","2"
"18097","3"
"18099","2"
"18101","1"
"18103","2"
"18105","2"
"18107","1"
"18109","1"
"18111","1"
"18113","2"
"18115","1"
"18117","2"
"18119","1"
"18121","3"
"18123","1"
"18125","1"
"18127","1"
"18129","1"
"18131","1"
"18133","1"
"18135","2"
"18137","2"
"18139","1"
"18141","2"
"18143","2"
"18145","1"
"18147","1"
"18149","1"
"18151","1"
"18153","2"
"18155","3"
"18157","2"
"18159","1"
"18161","1"
"18163","2"
"18165","2"
"18167","3"
"18169","1"
"18171","1"
"18173","1"
"18175","1"
"18177","3"
"18179","1"
"18181","1"
"18183","1"
"19001","1"
"19003","1"
"19005","1"
"19007","2"
"19009","1"
"19011","1"
"19013","2"
"19015","1"
"19017","1"
"19019","1"
"19021","3"
"19023","1"
"19025","1"
"19027","1"
"19029","1"
"19031","1"
"19033","1"
"19035","1"
"19037","1"
"19039","3"
"19041","1"
"19043","1"
"19045","2"
"19047","3"
"19049","1"
"19051","2"
"19053","2"
"19055","1"
"19057","2"
"19059","1"
"19061","1"
"19063","1"
"19065","1"
"19067","1"
"19069","1"
"19071","1"
"19073","1"
"19075","1"
"19077","1"
"19079","1"
"19081","1"
"19083","1"
"19085","1"
"19087","1"
"19089","1"
"19091","1"
"19093","1"
"19095","1"
"19097","1"
"19099","1"
"19101","2"
"19103","2"
"19105","1"
"19107","1"
"19109","1"
"19111","1"
"19113","1"
"19115","1"
"19117","1"
"19119","1"
"19121","1"
"19123","1"
"19125","1"
"19127","2"
"19129","1"
"19131","1"
"19133","1"
"19135","1"
"19137","1"
"19139","2"
"19141","1"
"19143","1"
"19145","1"
"19147","1"
"19149","1"
"19151","1"
"19153","2"
"19155","2"
"19157","1"
"19159","1"
"19161","1"
"19163","1"
"19165","1"
"19167","1"
"19169","1"
"19171","1"
"19173","1"
"19175","2"
"19177","2"
"19179","3"
"19181","1"
"19183","1"
"19185","2"
"19187","2"
"19189","1"
"19191","1"
"19193","2"
"19195","1"
"19197","2"
"20001","2"
"20003","1"
"20005","2"
"20007","2"
"20009","2"
"20011","2"
"20013","1"
"20015","1"
"20017","1"
"20019","3"
"20021","2"
"20023","1"
"20025","1"
"20027","1"
"20029","1"
"20031","1"
"20033","1"
"20035","2"
"20037","3"
"20039","1"
"20041","1"
"20043","1"
"20045","1"
"20047","1"
"20049","2"
"20051","1"
"20053","1"
"20055","3"
"20057","3"
"20059","1"
"20061","3"
"20063","1"
"20065","2"
"20067","2"
"20069","1"
"20071","2"
"20073","1"
"20075","1"
"20077","2"
"20079","2"
"20081","2"
"20083","1"
"20085","1"
"20087","1"
"20089","1"
"20091","1"
"20093","2"
"20095","1"
"20097","1"
"20099","2"
"20101","1"
"20103","1"
"20105","1"
"20107","2"
"20109","1"
"20111","3"
"20113","1"
"20115","1"
"20117","1"
"20119","2"
"20121","1"
"20123","1"
"20125","3"
"20127","1"
"20129","2"
"20131","1"
"20133","2"
"20135","1"
"20137","1"
"20139","1"
"20141","1"
"20143","1"
"20145","1"
"20147","1"
"20149","1"
"20151","2"
"20153","1"
"20155","2"
"20157","1"
"20159","1"
"20161","2"
"20163","1"
"20165","1"
"20167","1"
"20169","2"
"20171","2"
"20173","3"
"20175","3"
"20177","2"
"20179","1"
"20181","1"
"20183","1"
"20185","1"
"20187","2"
"20189","3"
"20191","2"
"20193","1"
"20195","1"
"20197","1"
"20199","1"
"20201","1"
"20203","2"
"20205","2"
"20207","1"
"20209","3"
"21001","2"
"21003","2"
"21005","1"
"21007","2"
"21009","3"
"21011","2"
"21013","3"
"21015","1"
"21017","2"
"21019","3"
"21021","2"
"21023","1"
"21025","3"
"21027","2"
"21029","1"
"21031","3"
"21033","2"
"21035","2"
"21037","1"
"21039","1"
"21041","3"
"21043","2"
"21045","3"
"21047","3"
"21049","2"
"21051","3"
"21053","3"
"21055","2"
"21057","2"
"21059","2"
"21061","2"
"21063","2"
"21065","3"
"21067","2"
"21069","2"
"21071","3"
"21073","2"
"21075","3"
"21077","2"
"21079","1"
"21081","1"
"21083","3"
"21085","2"
"21087","3"
"21089","1"
"21091","1"
"21093","2"
"21095","3"
"21097","2"
"21099","3"
"21101","2"
"21103","2"
"21105","2"
"21107","2"
"21109","2"
"21111","2"
"21113","1"
"21115","3"
"21117","1"
"21119","3"
"21121","3"
"21123","1"
"21125","2"
"21127","2"
"21129","3"
"21131","2"
"21133","3"
"21135","2"
"21137","2"
"21139","1"
"21141","2"
"21143","1"
"21145","2"
"21147","3"
"21149","1"
"21151","2"
"21153","3"
"21155","3"
"21157","1"
"21159","2"
"21161","2"
"21163","1"
"21165","2"
"21167","1"
"21169","2"
"21171","3"
"21173","2"
"21175","3"
"21177","1"
"21179","1"
"21181","2"
"21183","2"
"21185","1"
"21187","2"
"21189","3"
"21191","2"
"21193","2"
"21195","3"
"21197","3"
"21199","2"
"21201","2"
"21203","3"
"21205","2"
"21207","3"
"21209","1"
"21211","2"
"21213","1"
"21215","1"
"21217","2"
"21219","3"
"21221","2"
"21223","2"
"21225","1"
"21227","3"
"21229","2"
"21231","3"
"21233","3"
"21235","3"
"21237","3"
"21239","1"
"22001","3"
"22003","3"
"22005","1"
"22007","3"
"22009","3"
"22011","2"
"22013","3"
"22015","3"
"22017","3"
"22019","3"
"22021","3"
"22023","1"
"22025","3"
"22027","3"
"22029","3"
"22031","3"
"22033","3"
"22035","3"
"22037","3"
"22039","3"
"22041","3"
"22043","2"
"22045","3"
"22047","3"
"22049","3"
"22051","3"
"22053","3"
"22055","3"
"22057","3"
"22059","2"
"22061","3"
"22063","2"
"22065","3"
"22067","3"
"22069","3"
"22071","3"
"22073","3"
"22075","2"
"22077","3"
"22079","3"
"22081","3"
"22083","3"
"22085","3"
"22087","3"
"22089","1"
"22091","3"
"22093","2"
"22095","3"
"22097","3"
"22099","3"
"22101","3"
"22103","2"
"22105","3"
"22107","3"
"22109","3"
"22111","3"
"22113","3"
"22115","3"
"22117","3"
"22119","3"
"22121","2"
"22123","2"
"22125","2"
"22127","3"
"23001","2"
"23003","2"
"23005","1"
"23007","2"
"23009","1"
"23011","1"
"23013","1"
"23015","1"
"23017","1"
"23019","2"
"23021","2"
"23023","1"
"23025","2"
"23027","1"
"23029","3"
"23031","1"
"24001","2"
"24003","1"
"24005","2"
"24009","1"
"24011","3"
"24013","1"
"24015","1"
"24017","1"
"24019","3"
"24021","1"
"24023","1"
"24025","1"
"24027","1"
"24029","2"
"24031","2"
"24033","3"
"24035","1"
"24037","1"
"24039","3"
"24041","1"
"24043","2"
"24045","3"
"24047","2"
"24510","3"
"25001","1"
"25003","2"
"25005","2"
"25007","1"
"25009","2"
"25011","2"
"25013","3"
"25015","1"
"25017","1"
"25019","1"
"25021","1"
"25023","1"
"25025","3"
"25027","2"
"26001","1"
"26003","2"
"26005","1"
"26007","2"
"26009","1"
"26011","2"
"26013","2"
"26015","1"
"26017","2"
"26019","1"
"26021","3"
"26023","3"
"26025","3"
"26027","1"
"26029","1"
"26031","1"
"26033","2"
"26035","3"
"26037","1"
"26039","2"
"26041","1"
"26043","1"
"26045","1"
"26047","1"
"26049","3"
"26051","2"
"26053","2"
"26055","1"
"26057","2"
"26059","2"
"26061","2"
"26063","1"
"26065","2"
"26067","2"
"26069","2"
"26071","1"
"26073","2"
"26075","2"
"26077","2"
"26079","2"
"26081","2"
"26083","1"
"26085","2"
"26087","1"
"26089","1"
"26091","2"
"26093","1"
"26095","2"
"26097","2"
"26099","2"
"26101","2"
"26103","1"
"26105","2"
"26107","2"
"26109","1"
"26111","1"
"26113","2"
"26115","1"
"26117","2"
"26119","2"
"26121","2"
"26123","2"
"26125","1"
"26127","3"
"26129","2"
"26131","1"
"26133","2"
"26135","2"
"26137","2"
"26139","1"
"26141","1"
"26143","2"
"26145","2"
"26147","1"
"26149","2"
"26151","2"
"26153","2"
"26155","1"
"26157","1"
"26159","3"
"26161","1"
"26163","3"
"26165","2"
"27001","1"
"27003","1"
"27005","2"
"27007","3"
"27009","1"
"27011","1"
"27013","1"
"27015","1"
"27017","1"
"27019","1"
"27021","2"
"27023","3"
"27025","1"
"27027","1"
"27029","3"
"27031","1"
"27033","2"
"27035","1"
"27037","1"
"27039","1"
"27041","1"
"27043","1"
"27045","1"
"27047","2"
"27049","1"
"27051","1"
"27053","2"
"27055","1"
"27057","1"
"27059","1"
"27061","2"
"27063","1"
"27065","1"
"27067","2"
"27069","1"
"27071","2"
"27073","1"
"27075","1"
"27077","1"
"27079","1"
"27081","1"
"27083","2"
"27085","1"
"27087","3"
"27089","1"
"27091","1"
"27093","1"
"27095","2"
"27097","1"
"27099","2"
"27101","1"
"27103","1"
"27105","3"
"27107","1"
"27109","1"
"27111","1"
"27113","1"
"27115","2"
"27117","2"
"27119","2"
"27121","1"
"27123","3"
"27125","1"
"27127","1"
"27129","1"
"27131","2"
"27133","1"
"27135","1"
"27137","1"
"27139","1"
"27141","1"
"27143","1"
"27145","2"
"27147","1"
"27149","1"
"27151","2"
"27153","2"
"27155","1"
"27157","1"
"27159","3"
"27161","1"
"27163","1"
"27165","2"
"27167","1"
"27169","1"
"27171","1"
"27173","1"
"28001","3"
"28003","3"
"28005","3"
"28007","3"
"28009","2"
"28011","3"
"28013","3"
"28015","2"
"28017","3"
"28019","2"
"28021","3"
"28023","3"
"28025","3"
"28027","3"
"28029","3"
"28031","3"
"28033","1"
"28035","3"
"28037","2"
"28039","3"
"28041","3"
"28043","3"
"28045","2"
"28047","3"
"28049","3"
"28051","3"
"28053","3"
"28055","3"
"28057","1"
"28059","3"
"28061","3"
"28063","3"
"28065","3"
"28067","3"
"28069","3"
"28071","2"
"28073","3"
"28075","3"
"28077","3"
"28079","3"
"28081","3"
"28083","3"
"28085","3"
"28087","3"
"28089","2"
"28091","3"
"28093","3"
"28095","2"
"28097","3"
"28099","3"
"28101","3"
"28103","3"
"28105","3"
"28107","3"
"28109","2"
"28111","3"
"28113","3"
"28115","3"
"28117","3"
"28119","3"
"28121","2"
"28123","3"
"28125","3"
"28127","3"
"28129","2"
"28131","3"
"28133","3"
"28135","3"
"28137","3"
"28139","3"
"28141","2"
"28143","3"
"28145","3"
"28147","3"
"28149","3"
"28151","3"
"28153","3"
"28155","2"
"28157","3"
"28159","3"
"28161","3"
"28163","3"
"29001","2"
"29003","1"
"29005","1"
"29007","2"
"29009","2"
"29011","3"
"29013","2"
"29015","2"
"29017","2"
"29019","2"
"29021","3"
"29023","3"
"29025","2"
"29027","1"
"29029","1"
"29031","2"
"29033","1"
"29035","2"
"29037","1"
"29039","2"
"29041","1"
"29043","1"
"29045","2"
"29047","1"
"29049","1"
"29051","1"
"29053","2"
"29055","3"
"29057","2"
"29059","2"
"29061","2"
"29063","1"
"29065","3"
"29067","2"
"29069","3"
"29071","1"
"29073","1"
"29075","2"
"29077","2"
"29079","3"
"29081","2"
"29083","3"
"29085","2"
"29087","1"
"29089","1"
"29091","2"
"29093","3"
"29095","3"
"29097","3"
"29099","1"
"29101","2"
"29103","2"
"29105","2"
"29107","1"
"29109","3"
"29111","2"
"29113","1"
"29115","1"
"29117","2"
"29119","3"
"29121","2"
"29123","2"
"29125","2"
"29127","2"
"29129","2"
"29131","2"
"29133","3"
"29135","2"
"29137","2"
"29139","2"
"29141","3"
"29143","3"
"29145","2"
"29147","1"
"29149","3"
"29151","1"
"29153","2"
"29155","3"
"29157","1"
"29159","3"
"29161","3"
"29163","2"
"29165","1"
"29167","2"
"29169","2"
"29171","1"
"29173","1"
"29175","2"
"29177","1"
"29179","2"
"29181","2"
"29183","1"
"29185","2"
"29186","1"
"29187","3"
"29189","1"
"29195","2"
"29197","1"
"29199","2"
"29201","3"
"29203","2"
"29205","2"
"29207","2"
"29209","2"
"29211","2"
"29213","3"
"29215","3"
"29217","2"
"29219","1"
"29221","3"
"29223","2"
"29225","2"
"29227","1"
"29229","3"
"29510","3"
"30001","1"
"30003","2"
"30005","3"
"30007","1"
"30009","1"
"30011","1"
"30013","2"
"30015","1"
"30017","2"
"30019","1"
"30021","1"
"30023","2"
"30025","1"
"30027","1"
"30029","1"
"30031","1"
"30033","1"
"30035","3"
"30037","1"
"30039","1"
"30041","2"
"30043","1"
"30045","1"
"30047","3"
"30049","1"
"30051","2"
"30053","2"
"30055","1"
"30057","1"
"30059","1"
"30061","2"
"30063","1"
"30065","2"
"30067","1"
"30069","1"
"30071","2"
"30073","3"
"30075","1"
"30077","1"
"30079","1"
"30081","1"
"30083","1"
"30085","3"
"30087","2"
"30089","2"
"30091","1"
"30093","2"
"30095","1"
"30097","1"
"30099","1"
"30101","2"
"30103","1"
"30105","1"
"30107","1"
"30109","1"
"30111","1"
"31001","2"
"31003","1"
"31005","1"
"31007","1"
"31009","1"
"31011","1"
"31013","2"
"31015","1"
"31017","1"
"31019","2"
"31021","1"
"31023","1"
"31025","1"
"31027","1"
"31029","1"
"31031","1"
"31033","1"
"31035","1"
"31037","2"
"31039","1"
"31041","1"
"31043","3"
"31045","1"
"31047","3"
"31049","1"
"31051","1"
"31053","2"
"31055","2"
"31057","1"
"31059","1"
"31061","1"
"31063","1"
"31065","1"
"31067","1"
"31069","1"
"31071","1"
"31073","1"
"31075","1"
"31077","1"
"31079","3"
"31081","1"
"31083","1"
"31085","1"
"31087","1"
"31089","1"
"31091","1"
"31093","1"
"31095","1"
"31097","2"
"31099","1"
"31101","2"
"31103","1"
"31105","2"
"31107","1"
"31109","2"
"31111","2"
"31113","1"
"31115","1"
"31117","1"
"31119","2"
"31121","1"
"31123","1"
"31125","1"
"31127","1"
"31129","1"
"31131","1"
"31133","2"
"31135","1"
"31137","1"
"31139","1"
"31141","2"
"31143","1"
"31145","2"
"31147","1"
"31149","1"
"31151","2"
"31153","1"
"31155","1"
"31157","3"
"31159","1"
"31161","2"
"31163","1"
"31165","1"
"31167","1"
"31169","1"
"31171","1"
"31173","3"
"31175","1"
"31177","1"
"31179","1"
"31181","1"
"31183","1"
"31185","1"
"32001","2"
"32003","3"
"32005","1"
"32007","2"
"32009","3"
"32011","1"
"32013","2"
"32015","3"
"32017","2"
"32019","2"
"32021","3"
"32023","3"
"32027","3"
"32029","1"
"32031","3"
"32033","1"
"32510","3"
"33001","1"
"33003","1"
"33005","1"
"33007","2"
"33009","1"
"33011","1"
"33013","1"
"33015","1"
"33017","1"
"33019","1"
"34001","3"
"34003","2"
"34005","1"
"34007","3"
"34009","2"
"34011","3"
"34013","3"
"34015","1"
"34017","3"
"34019","1"
"34021","3"
"34023","2"
"34025","1"
"34027","1"
"34029","2"
"34031","3"
"34033","3"
"34035","1"
"34037","1"
"34039","3"
"34041","1"
"35001","3"
"35003","2"
"35005","3"
"35006","3"
"35007","3"
"35009","3"
"35011","2"
"35013","3"
"35015","3"
"35017","3"
"35019","3"
"35021","2"
"35023","3"
"35025","3"
"35027","3"
"35028","1"
"35029","3"
"35031","3"
"35033","3"
"35035","3"
"35037","3"
"35039","3"
"35041","3"
"35043","2"
"35045","3"
"35047","3"
"35049","3"
"35051","3"
"35053","3"
"35055","3"
"35057","3"
"35059","3"
"35061","3"
"36001","2"
"36003","2"
"36005","3"
"36007","3"
"36009","2"
"36011","2"
"36013","2"
"36015","2"
"36017","2"
"36019","2"
"36021","2"
"36023","1"
"36025","2"
"36027","2"
"36029","2"
"36031","1"
"36033","2"
"36035","2"
"36037","1"
"36039","2"
"36041","1"
"36043","2"
"36045","2"
"36047","3"
"36049","1"
"36051","1"
"36053","1"
"36055","2"
"36057","3"
"36059","1"
"36061","3"
"36063","2"
"36065","2"
"36067","2"
"36069","1"
"36071","2"
"36073","2"
"36075","2"
"36077","2"
"36079","1"
"36081","3"
"36083","2"
"36085","2"
"36087","3"
"36089","3"
"36091","1"
"36093","2"
"36095","2"
"36097","2"
"36099","2"
"36101","2"
"36103","1"
"36105","3"
"36107","1"
"36109","2"
"36111","2"
"36113","1"
"36115","2"
"36117","1"
"36119","3"
"36121","1"
"36123","2"
"37001","3"
"37003","2"
"37005","2"
"37007","3"
"37009","2"
"37011","3"
"37013","3"
"37015","3"
"37017","3"
"37019","2"
"37021","2"
"37023","3"
"37025","2"
"37027","3"
"37029","2"
"37031","2"
"37033","3"
"37035","3"
"37037","2"
"37039","2"
"37041","3"
"37043","2"
"37045","3"
"37047","3"
"37049","3"
"37051","3"
"37053","1"
"37055","1"
"37057","3"
"37059","2"
"37061","3"
"37063","3"
"37065","3"
"37067","3"
"37069","3"
"37071","3"
"37073","2"
"37075","2"
"37077","2"
"37079","3"
"37081","3"
"37083","3"
"37085","3"
"37087","2"
"37089","2"
"37091","3"
"37093","3"
"37095","3"
"37097","2"
"37099","3"
"37101","2"
"37103","3"
"37105","3"
"37107","3"
"37109","2"
"37111","3"
"37113","2"
"37115","2"
"37117","3"
"37119","2"
"37121","2"
"37123","3"
"37125","2"
"37127","3"
"37129","2"
"37131","3"
"37133","3"
"37135","2"
"37137","2"
"37139","3"
"37141","2"
"37143","2"
"37145","2"
"37147","3"
"37149","2"
"37151","3"
"37153","3"
"37155","3"
"37157","3"
"37159","3"
"37161","3"
"37163","3"
"37165","3"
"37167","2"
"37169","2"
"37171","3"
"37173","3"
"37175","2"
"37177","3"
"37179","1"
"37181","3"
"37183","2"
"37185","3"
"37187","3"
"37189","2"
"37191","3"
"37193","2"
"37195","3"
"37197","2"
"37199","2"
"38001","1"
"38003","1"
"38005","3"
"38007","1"
"38009","1"
"38011","1"
"38013","1"
"38015","1"
"38017","1"
"38019","1"
"38021","1"
"38023","1"
"38025","2"
"38027","2"
"38029","1"
"38031","1"
"38033","1"
"38035","2"
"38037","1"
"38039","1"
"38041","1"
"38043","1"
"38045","1"
"38047","1"
"38049","1"
"38051","1"
"38053","2"
"38055","1"
"38057","1"
"38059","1"
"38061","2"
"38063","1"
"38065","1"
"38067","1"
"38069","1"
"38071","2"
"38073","1"
"38075","1"
"38077","1"
"38079","3"
"38081","1"
"38083","1"
"38085","3"
"38087","1"
"38089","1"
"38091","1"
"38093","2"
"38095","1"
"38097","1"
"38099","2"
"38101","1"
"38103","1"
"38105","2"
"39001","3"
"39003","2"
"39005","1"
"39007","3"
"39009","2"
"39011","1"
"39013","1"
"39015","2"
"39017","2"
"39019","1"
"39021","1"
"39023","3"
"39025","1"
"39027","2"
"39029","2"
"39031","2"
"39033","1"
"39035","3"
"39037","1"
"39039","1"
"39041","1"
"39043","1"
"39045","1"
"39047","2"
"39049","2"
"39051","1"
"39053","2"
"39055","1"
"39057","1"
"39059","2"
"39061","2"
"39063","1"
"39065","2"
"39067","2"
"39069","1"
"39071","2"
"39073","2"
"39075","2"
"39077","1"
"39079","2"
"39081","2"
"39083","1"
"39085","1"
"39087","2"
"39089","1"
"39091","1"
"39093","2"
"39095","3"
"39097","1"
"39099","2"
"39101","2"
"39103","1"
"39105","2"
"39107","1"
"39109","1"
"39111","1"
"39113","3"
"39115","2"
"39117","1"
"39119","2"
"39121","2"
"39123","1"
"39125","1"
"39127","2"
"39129","1"
"39131","2"
"39133","1"
"39135","1"
"39137","1"
"39139","2"
"39141","2"
"39143","1"
"39145","3"
"39147","1"
"39149","1"
"39151","1"
"39153","2"
"39155","2"
"39157","2"
"39159","1"
"39161","1"
"39163","2"
"39165","1"
"39167","2"
"39169","2"
"39171","1"
"39173","1"
"39175","1"
"40001","3"
"40003","1"
"40005","3"
"40007","2"
"40009","3"
"40011","3"
"40013","3"
"40015","3"
"40017","1"
"40019","3"
"40021","3"
"40023","3"
"40025","2"
"40027","2"
"40029","3"
"40031","3"
"40033","2"
"40035","3"
"40037","2"
"40039","3"
"40041","3"
"40043","1"
"40045","2"
"40047","3"
"40049","2"
"40051","2"
"40053","1"
"40055","3"
"40057","3"
"40059","2"
"40061","3"
"40063","3"
"40065","3"
"40067","3"
"40069","3"
"40071","3"
"40073","1"
"40075","2"
"40077","3"
"40079","3"
"40081","2"
"40083","2"
"40085","3"
"40087","1"
"40089","3"
"40091","3"
"40093","1"
"40095","3"
"40097","3"
"40099","3"
"40101","3"
"40103","2"
"40105","3"
"40107","3"
"40109","3"
"40111","3"
"40113","2"
"40115","3"
"40117","2"
"40119","2"
"40121","3"
"40123","2"
"40125","3"
"40127","3"
"40129","1"
"40131","2"
"40133","3"
"40135","3"
"40137","3"
"40139","3"
"40141","3"
"40143","3"
"40145","2"
"40147","2"
"40149","2"
"40151","2"
"40153","2"
"41001","2"
"41003","2"
"41005","1"
"41007","2"
"41009","1"
"41011","3"
"41013","2"
"41015","2"
"41017","1"
"41019","2"
"41021","2"
"41023","2"
"41025","2"
"41027","2"
"41029","3"
"41031","3"
"41033","3"
"41035","3"
"41037","3"
"41039","3"
"41041","3"
"41043","3"
"41045","3"
"41047","3"
"41049","3"
"41051","2"
"41053","2"
"41055","1"
"41057","2"
"41059","3"
"41061","3"
"41063","1"
"41065","3"
"41067","2"
"41069","2"
"41071","2"
"42001","1"
"42003","1"
"42005","1"
"42007","1"
"42009","1"
"42011","2"
"42013","2"
"42015","2"
"42017","1"
"42019","1"
"42021","1"
"42023","2"
"42025","1"
"42027","1"
"42029","1"
"42031","2"
"42033","2"
"42035","2"
"42037","1"
"42039","2"
"42041","1"
"42043","2"
"42045","2"
"42047","1"
"42049","2"
"42051","2"
"42053","2"
"42055","1"
"42057","1"
"42059","2"
"42061","1"
"42063","2"
"42065","1"
"42067","2"
"42069","2"
"42071","2"
"42073","2"
"42075","2"
"42077","3"
"42079","2"
"42081","2"
"42083","2"
"42085","2"
"42087","2"
"42089","2"
"42091","1"
"42093","2"
"42095","2"
"42097","2"
"42099","1"
"42101","3"
"42103","1"
"42105","2"
"42107","2"
"42109","1"
"42111","2"
"42113","2"
"42115","1"
"42117","1"
"42119","2"
"42121","2"
"42123","1"
"42125","1"
"42127","1"
"42129","1"
"42131","1"
"42133","1"
"44001","1"
"44003","1"
"44005","1"
"44007","3"
"44009","1"
"45001","3"
"45003","3"
"45005","3"
"45007","3"
"45009","3"
"45011","3"
"45013","2"
"45015","2"
"45017","3"
"45019","2"
"45021","3"
"45023","2"
"45025","3"
"45027","3"
"45029","3"
"45031","3"
"45033","3"
"45035","2"
"45037","3"
"45039","3"
"45041","3"
"45043","3"
"45045","2"
"45047","3"
"45049","3"
"45051","3"
"45053","3"
"45055","2"
"45057","2"
"45059","3"
"45061","3"
"45063","2"
"45065","2"
"45067","3"
"45069","3"
"45071","3"
"45073","3"
"45075","3"
"45077","2"
"45079","3"
"45081","3"
"45083","3"
"45085","3"
"45087","3"
"45089","3"
"45091","2"
"46003","1"
"46005","2"
"46007","3"
"46009","1"
"46011","1"
"46013","1"
"46015","1"
"46017","3"
"46019","2"
"46021","1"
"46023","3"
"46025","1"
"46027","2"
"46029","2"
"46031","3"
"46033","2"
"46035","1"
"46037","1"
"46039","1"
"46041","3"
"46043","1"
"46045","1"
"46047","2"
"46049","1"
"46051","1"
"46053","1"
"46055","1"
"46057","1"
"46059","1"
"46061","1"
"46063","1"
"46065","2"
"46067","1"
"46069","1"
"46071","3"
"46073","1"
"46075","1"
"46077","1"
"46079","1"
"46081","2"
"46083","1"
"46085","3"
"46087","1"
"46089","1"
"46091","1"
"46093","1"
"46095","3"
"46097","1"
"46099","2"
"46101","1"
"46102","3"
"46103","2"
"46105","2"
"46107","1"
"46109","3"
"46111","1"
"46115","1"
"46117","1"
"46119","1"
"46121","3"
"46123","2"
"46125","1"
"46127","1"
"46129","2"
"46135","1"
"46137","3"
"47001","2"
"47003","3"
"47005","2"
"47007","3"
"47009","1"
"47011","3"
"47013","3"
"47015","1"
"47017","2"
"47019","2"
"47021","1"
"47023","2"
"47025","2"
"47027","2"
"47029","3"
"47031","2"
"47033","3"
"47035","2"
"47037","3"
"47039","2"
"47041","2"
"47043","2"
"47045","3"
"47047","2"
"47049","2"
"47051","2"
"47053","3"
"47055","2"
"47057","2"
"47059","2"
"47061","3"
"47063","3"
"47065","2"
"47067","3"
"47069","3"
"47071","2"
"47073","2"
"47075","3"
"47077","2"
"47079","2"
"47081","2"
"47083","2"
"47085","1"
"47087","2"
"47089","2"
"47091","2"
"47093","2"
"47095","3"
"47097","3"
"47099","3"
"47101","2"
"47103","2"
"47105","1"
"47107","2"
"47109","2"
"47111","2"
"47113","3"
"47115","2"
"47117","2"
"47119","1"
"47121","2"
"47123","2"
"47125","2"
"47127","1"
"47129","3"
"47131","3"
"47133","2"
"47135","2"
"47137","1"
"47139","2"
"47141","2"
"47143","3"
"47145","1"
"47147","1"
"47149","2"
"47151","3"
"47153","2"
"47155","2"
"47157","3"
"47159","2"
"47161","1"
"47163","2"
"47165","1"
"47167","2"
"47169","1"
"47171","2"
"47173","2"
"47175","2"
"47177","3"
"47179","2"
"47181","3"
"47183","2"
"47185","2"
"47187","1"
"47189","1"
"48001","3"
"48003","2"
"48005","3"
"48007","3"
"48009","1"
"48011","1"
"48013","3"
"48015","3"
"48017","3"
"48019","2"
"48021","3"
"48023","1"
"48025","3"
"48027","3"
"48029","3"
"48031","1"
"48033","2"
"48035","2"
"48037","3"
"48039","2"
"48041","3"
"48043","3"
"48045","2"
"48047","3"
"48049","3"
"48051","2"
"48053","2"
"48055","3"
"48057","3"
"48059","1"
"48061","3"
"48063","3"
"48065","1"
"48067","3"
"48069","3"
"48071","2"
"48073","3"
"48075","3"
"48077","1"
"48079","3"
"48081","2"
"48083","2"
"48085","1"
"48087","3"
"48089","3"
"48091","1"
"48093","3"
"48095","2"
"48097","2"
"48099","3"
"48101","3"
"48103","2"
"48105","3"
"48107","3"
"48109","3"
"48111","2"
"48113","3"
"48115","3"
"48117","3"
"48119","2"
"48121","2"
"48123","3"
"48125","3"
"48127","3"
"48129","2"
"48131","3"
"48133","3"
"48135","3"
"48137","3"
"48139","2"
"48141","3"
"48143","3"
"48145","3"
"48147","2"
"48149","2"
"48151","1"
"48153","3"
"48155","3"
"48157","2"
"48159","2"
"48161","3"
"48163","3"
"48165","3"
"48167","3"
"48169","2"
"48171","2"
"48173","2"
"48175","2"
"48177","3"
"48179","3"
"48181","3"
"48183","3"
"48185","3"
"48187","2"
"48189","3"
"48191","3"
"48193","2"
"48195","3"
"48197","2"
"48199","2"
"48201","3"
"48203","3"
"48205","2"
"48207","3"
"48209","2"
"48211","3"
"48213","3"
"48215","3"
"48217","3"
"48219","3"
"48221","2"
"48223","3"
"48225","3"
"48227","3"
"48229","3"
"48231","3"
"48233","2"
"48235","2"
"48237","3"
"48239","3"
"48241","3"
"48243","2"
"48245","3"
"48247","3"
"48249","3"
"48251","2"
"48253","2"
"48255","3"
"48257","3"
"48259","1"
"48261","2"
"48263","1"
"48265","3"
"48267","2"
"48269","1"
"48271","3"
"48273","3"
"48275","3"
"48277","3"
"48279","3"
"48281","3"
"48283","3"
"48285","2"
"48287","3"
"48289","3"
"48291","3"
"48293","3"
"48295","2"
"48297","3"
"48299","2"
"48301","1"
"48303","3"
"48305","3"
"48307","3"
"48309","3"
"48311","3"
"48313","3"
"48315","3"
"48317","2"
"48319","2"
"48321","3"
"48323","3"
"48325","3"
"48327","3"
"48329","2"
"48331","3"
"48333","2"
"48335","2"
"48337","3"
"48339","2"
"48341","3"
"48343","3"
"48345","2"
"48347","3"
"48349","3"
"48351","3"
"48353","3"
"48355","3"
"48357","3"
"48359","1"
"48361","2"
"48363","3"
"48365","3"
"48367","1"
"48369","2"
"48371","3"
"48373","3"
"48375","3"
"48377","3"
"48379","2"
"48381","2"
"48383","2"
"48385","3"
"48387","2"
"48389","3"
"48391","3"
"48393","1"
"48395","3"
"48397","1"
"48399","2"
"48401","3"
"48403","2"
"48405","3"
"48407","3"
"48409","3"
"48411","3"
"48413","3"
"48415","3"
"48417","3"
"48419","3"
"48421","2"
"48423","3"
"48425","2"
"48427","3"
"48429","3"
"48431","1"
"48433","2"
"48435","3"
"48437","3"
"48439","3"
"48441","3"
"48443","1"
"48445","3"
"48447","2"
"48449","3"
"48451","3"
"48453","2"
"48455","3"
"48457","3"
"48459","3"
"48461","2"
"48463","3"
"48465","3"
"48467","2"
"48469","3"
"48471","3"
"48473","3"
"48475","3"
"48477","3"
"48479","3"
"48481","3"
"48483","3"
"48485","3"
"48487","3"
"48489","3"
"48491","2"
"48493","2"
"48495","2"
"48497","2"
"48499","3"
"48501","2"
"48503","2"
"48505","3"
"48507","3"
"49001","1"
"49003","1"
"49005","2"
"49007","2"
"49009","1"
"49011","1"
"49013","2"
"49015","1"
"49017","2"
"49019","2"
"49021","2"
"49023","1"
"49025","1"
"49027","2"
"49029","1"
"49031","1"
"49033","1"
"49035","2"
"49037","3"
"49039","2"
"49041","2"
"49043","1"
"49045","1"
"49047","2"
"49049","1"
"49051","1"
"49053","2"
"49055","2"
"49057","1"
"50001","1"
"50003","1"
"50005","2"
"50007","1"
"50009","1"
"50011","1"
"50013","1"
"50015","1"
"50017","1"
"50019","1"
"50021","1"
"50023","1"
"50025","2"
"50027","1"
"51001","3"
"51003","1"
"51005","2"
"51007","2"
"51009","2"
"51011","1"
"51013","1"
"51015","1"
"51017","2"
"51019","1"
"51021","1"
"51023","1"
"51025","3"
"51027","2"
"51029","3"
"51031","2"
"51033","1"
"51035","2"
"51036","1"
"51037","3"
"51041","1"
"51043","1"
"51045","1"
"51047","2"
"51049","2"
"51051","3"
"51053","2"
"51057","3"
"51059","1"
"51061","1"
"51063","1"
"51065","1"
"51067","2"
"51069","1"
"51071","1"
"51073","1"
"51075","1"
"51077","2"
"51079","1"
"51081","3"
"51083","3"
"51085","1"
"51087","2"
"51089","3"
"51091","1"
"51093","2"
"51095","1"
"51097","1"
"51099","1"
"51101","1"
"51103","2"
"51105","3"
"51107","1"
"51109","1"
"51111","3"
"51113","1"
"51115","1"
"51117","2"
"51119","1"
"51121","1"
"51125","1"
"51127","1"
"51131","3"
"51133","1"
"51135","3"
"51137","2"
"51139","2"
"51141","1"
"51143","3"
"51145","1"
"51147","3"
"51149","2"
"51153","2"
"51155","1"
"51157","1"
"51159","2"
"51161","1"
"51163","1"
"51165","1"
"51167","2"
"51169","2"
"51171","2"
"51173","3"
"51175","2"
"51177","1"
"51179","1"
"51181","2"
"51183","3"
"51185","2"
"51187","2"
"51191","1"
"51193","2"
"51195","3"
"51197","1"
"51199","1"
"51510","1"
"51520","3"
"51530","2"
"51540","2"
"51550","2"
"51570","2"
"51580","1"
"51590","3"
"51595","3"
"51600","1"
"51610","1"
"51620","3"
"51630","3"
"51640","3"
"51650","3"
"51660","3"
"51670","3"
"51678","1"
"51680","3"
"51683","3"
"51685","3"
"51690","3"
"51700","3"
"51710","3"
"51720","3"
"51730","3"
"51735","1"
"51740","3"
"51750","2"
"51760","3"
"51770","3"
"51775","2"
"51790","2"
"51800","2"
"51810","1"
"51820","3"
"51830","2"
"51840","3"
"53001","3"
"53003","2"
"53005","2"
"53007","3"
"53009","2"
"53011","2"
"53013","1"
"53015","3"
"53017","3"
"53019","3"
"53021","3"
"53023","1"
"53025","3"
"53027","3"
"53029","1"
"53031","2"
"53033","2"
"53035","1"
"53037","1"
"53039","2"
"53041","3"
"53043","1"
"53045","2"
"53047","3"
"53049","2"
"53051","2"
"53053","2"
"53055","1"
"53057","2"
"53059","1"
"53061","2"
"53063","2"
"53065","2"
"53067","2"
"53069","1"
"53071","3"
"53073","2"
"53075","2"
"53077","3"
"54001","2"
"54003","2"
"54005","2"
"54007","2"
"54009","1"
"54011","3"
"54013","2"
"54015","2"
"54017","1"
"54019","2"
"54021","2"
"54023","2"
"54025","2"
"54027","2"
"54029","2"
"54031","1"
"54033","2"
"54035","1"
"54037","1"
"54039","2"
"54041","2"
"54043","2"
"54045","3"
"54047","3"
"54049","2"
"54051","1"
"54053","1"
"54055","3"
"54057","2"
"54059","3"
"54061","2"
"54063","2"
"54065","1"
"54067","2"
"54069","2"
"54071","1"
"54073","2"
"54075","2"
"54077","2"
"54079","1"
"54081","3"
"54083","2"
"54085","1"
"54087","2"
"54089","3"
"54091","2"
"54093","1"
"54095","1"
"54097","2"
"54099","2"
"54101","2"
"54103","1"
"54105","2"
"54107","2"
"54109","2"
"55001","2"
"55003","2"
"55005","2"
"55007","1"
"55009","1"
"55011","1"
"55013","1"
"55015","1"
"55017","1"
"55019","2"
"55021","1"
"55023","1"
"55025","1"
"55027","1"
"55029","1"
"55031","1"
"55033","1"
"55035","1"
"55037","1"
"55039","1"
"55041","2"
"55043","1"
"55045","1"
"55047","2"
"55049","1"
"55051","1"
"55053","2"
"55055","1"
"55057","2"
"55059","2"
"55061","1"
"55063","1"
"55065","1"
"55067","1"
"55069","1"
"55071","1"
"55073","1"
"55075","1"
"55077","1"
"55078","3"
"55079","3"
"55081","2"
"55083","1"
"55085","1"
"55087","1"
"55089","1"
"55091","1"
"55093","1"
"55095","1"
"55097","1"
"55099","1"
"55101","2"
"55103","2"
"55105","2"
"55107","1"
"55109","1"
"55111","1"
"55113","2"
"55115","1"
"55117","1"
"55119","1"
"55121","1"
"55123","2"
"55125","1"
"55127","1"
"55129","1"
"55131","1"
"55133","1"
"55135","1"
"55137","2"
"55139","1"
"55141","1"
"56001","1"
"56003","2"
"56005","1"
"56007","2"
"56009","1"
"56011","1"
"56013","3"
"56015","2"
"56017","1"
"56019","1"
"56021","1"
"56023","1"
"56025","2"
"56027","2"
"56029","1"
"56031","1"
"56033","1"
"56035","1"
"56037","2"
"56039","1"
"56041","2"
"56043","1"
"56045","1"
